id	decision	contribution	reason
5	defer_transfer	Respectful disagreement	L33,52,56 give concrete questions about belief formation and disconfirming evidence; general social dialogue, with no AI use or added procedure beyond stronger questioning accounts. Retain as transfer context.
13	discovery	Setting boundaries	Full visible article explains people pleasing but gives no developed exercise; linked saying-no interview is the better procedural source. Psychological generalizations not validated here.
17	defer_transfer	Rehearse the interaction you want	L26-28 describe rehearsing reciprocal conversation before a stage appearance. Specific firsthand example, but human relationship aim and no tested AI adaptation; retain for later communication needs.
25	background	Creative agency and process value	Full article presents Sanderson's philosophical rationale and Newport's commentary; no sufficiently specified working routine. Follow original talk if developing values framing.
30	background	Learning versus output distinction	Full article interprets student interviews and an EEG study; no concrete protective procedure established. Do not treat reduced strain or connectivity as proof of lasting loss.
33	background	Substitution in relationships	Full short essay quotes Foer on diminished communication; rationale, not an actionable AI collaboration practice.
34	variant	Protect attention	L43-47 propose phone-free environments and bounded AI adoption; usable general boundary examples, but the bottleneck source ID22 offers clearer selection criteria. No measured effects here.
38	select_counterexample	Selective delegation after AI coding failures	L15-41 report one anonymous engineer changing from broad delegation to manual core coding and narrow AI tasks after crashes. Useful failure/adjustment account; attribution and generalizability limited, causal claims beyond this case unsupported.
39	variant	Optimize the actual bottleneck	L23-35 give an assembly-line analogy and explicit application to AI work. Same-author rationale for ID22, not independent validation or another distinct practice.
41	background	Solitude and connection	Full text reports discomfort during digital declutter and argues for solitude. Missing full declutter protocol; do not turn loneliness claims into general advice.
43	defer_transfer	Iterate teaching from observed comprehension	L43-51,82-86 describe Mental Math cards, student explanation and exit slips in a reported classroom case. Concrete transfer lead, but secondhand and AI role would be added; original reporting needed if pursued.
46	select_transfer	Compare causal claims with original accounts	L19-39 contrast two reports of the same layoffs and identify omitted facts and implication versus assertion. Worked source-comparison example; author's causal conclusion needs checking before reuse as factual evidence.
48	background	Value of manual craft	L13-35 offer a craft anecdote and broad work-design hopes, not a distinct AI practice; previously expanded body supports retaining as rationale only.
50	discovery	Student writing observation	L19-21 point to the original New Yorker observation of Chris; this short introduction does not preserve the detailed workflow. Follow original if needed.
52	select_transfer	Protected hard-learning sessions	L13-22 describe Newport repeatedly preparing difficult lectures without distractions and reporting reduced resistance over 21 sessions. Concrete firsthand non-AI baseline practice; reported transfer is not experimentally measured.
54	background	Planning and digital distraction	Full text reverses a correlational association into an explicitly proposed explanation; no tested scheduling procedure. Retain as hypothesis, not causal support.
56	variant	Check mechanisms before analogies	L35-41 contrast mechanism-informed analysis with speculative analogy. Useful reasoning boundary, less procedural than ID46; claims about model cognition require their own verification.
61	background	Activity versus valuable output	L19-39 interpret observational workplace data; no distinct practice beyond ID22/39 bottleneck selection. Research claims need original-study review.
63	variant	Schedule reading, writing and reflection	L43 gives an explicit routine proposal, overlapping attention/unaided-work boundaries. Broad historical/decline claims do not validate that routine.
64	select	Choose AI use by task purpose	L42-50 distinguish learning/synthesis from output work and expertise needed to assess failure; L58 gives a constrained generation-and-diversification sequence. Separate task-choice guidance from ideation outcome claims.
66	select	Human ideas first, AI expansion second	L34 gives tutor rather than answer-provider guidance; L57 specifies writing own ideas before AI combination/expansion. Concrete sequencing, related research discussed, not universal proof for every work context.
68	variant	Learn tool limits through purposeful experiments	L88-102 propose real-task and playful experiments and self-drafted writing. Useful onboarding examples, but ID75 offers clearer evaluation criteria; product rankings are dated.
70	variant	Decide what to keep human	L29-53 distinguish learning from completion and discuss system-level constraints; complements ID66 rather than adding a clearly separate procedure in inspected sections. Recheck original studies.
71	variant	Request critique of a generated prototype	L24 demonstrates a second critical review finding issues after optimistic AI testing. Adds a failure example to sparring/evaluation; simulated users are not real user research and model self-review is not independent checking.
72	select	Choose interfaces that expose work	L43 describes human-supplied updated evidence correcting an agent's path; L49-51 introduces adjustable visual explanations. Useful interface-design lead with concrete work example; human learning effects unmeasured.
73	variant	Protect author-reader expectations	L29-31 describe writing own chapter drafts based on an authorship contract. Useful rationale/variant for Hogue and creative accounts; prompt-injection anecdote is source content, not an instruction.
74	variant	Prototype then interview a real person	L66 includes idea generation, prototype, human interview one question at a time and revision. Concrete prototyping lead; distinguish real human feedback from model-simulated judgment and broad future speculation.
76	select	Allocate work by human and AI strengths	L30 gives expert choosing statistical approach while AI produces graphs, and ties division of work to observed consulting behavior. Concrete responsibility boundary; assisted performance is not proof of durable skill.
77	select	Learn by coaching a simulated character	L28 goal-play requires learner to apply a framework to a character; L48 instructor-tailored tutor blueprints support expert testing. Specific pedagogical design, piloted not yet broadly validated; full prompts live in linked paper.
78	variant	Separate simulation, feedback and teacher insight	L56-62 detail mentor/investor/evaluator/progress roles in a pitching simulation. Additional implementation for ID77; role separation alone does not ensure valid feedback or learning.
79	select	Create an organizational AI experiment loop	L66-79 describe maintaining a real task benchmark, recording failures and retrying on new models with leadership/lab/crowd feedback. Adds team learning process to individual job interviews; claimed organizational advantage not demonstrated.
80	select	Count checking and correction in delegation cost	L20-38 include human baseline, AI process, checking and retries; L70 connects task specification, feedback and evaluation. Useful delegation decision rule; retain assumptions and avoid treating benchmark results as universal.
84	select_counterexample	Opaque delegation limits expert review	L24 and L58 describe impressive research critique but inability to inspect/intervene in agent work. Useful boundary case for reviewability, not a new reliable workflow or proven scientific result.
85	background	Sycophancy and preference judgments	L12-32 demonstrate model personality differences and blind preference comparison; useful failure-mode context, not evidence that preference winner is more accurate.
86	variant	Assessment should require learner thinking	L30-48 reject unreliable AI detection and point toward learning support. Complements ID66/77; inspect underlying pedagogical sources rather than promote detector statistics as timeless facts.
89	select_counterexample	Expert judgment survives impressive execution	L43 describes generated research with credible-looking statistics but an uninteresting hypothesis and causal concerns identified by the human expert. Useful limit on output polish; results not independently checked.
90	variant	Expert-directed prototyping and checking	L28-58 show interactive course/research generation with expert suggestions and remaining checking. Overlaps IDs76/77/89; self-reported time savings do not establish learning.
91	variant	Explore before organization-wide adoption	L38-41 propose hands-on experimentation and identifying previously impossible work. Broad strategy prompts; ID79 is the stronger organizational experiment source, ten hours is a heuristic.
93	background	How agent architectures differ	L42-50 compare generated graphs under different harnesses; illustrates system design, without a distinct human thinking routine. Output equivalence does not show equivalent reliability.
95	select_counterexample	Stop and inspect agent failure loops	L30 records an agent repeatedly failing a download task through several workarounds. Concrete boundary example; a stopping protocol would be curator adaptation, not established by the source.
96	background	Acting despite uncertain AI futures	L69-75 frame waiting as a strategic choice and demonstrate a paper-generating GPT; limited explicit decision questions, no tested thinking practice. Preserve uncertainty rather than capability timelines.
99	background	Jagged capability and task bottlenecks	L16 and44 explain uneven capability and image demonstrations. Conceptual support for task-specific evaluation, no separate human routine beyond stronger ID75/76.
101	variant	Compare models on a real task	L31 describes harbor-simulation comparisons and judgment criteria. Useful worked variant of ID75 job interview, not a separate practice or proof of learning.
102	background	Mechanistic AI literacy	L20-30 explain token prediction/randomness; background for judging output, not a distinct practice. Model-era limitations require updating before reuse.
104	variant	Onboard with three real tasks	L81-101 offer context-rich work, research and voice experiments with iteration. More concrete onboarding than ID68, but task evaluation/ownership criteria remain thin; retain as variant, not current product advice.
105	select_counterexample	Fast production can bypass review	L28-58 document rapid output creation and warn about accepting good-enough drafts. Useful example of speed versus engagement; no validated corrective routine or universal quality claim.
106	background	Capability demonstrations	L19-31 show game/map creation with sparse human prompting. Output demonstrations add little to the KB's thinking-practice selection; human learning or judgment gains unmeasured.
194	access_hold	Preserve basics alongside AI	L20-24 advertise seven principles and five prompts but do not contain them; visible long-division anecdote cannot substitute for promised procedures. Recover full article if educational gaps remain.
207	access_hold	Specify work before delegation	L24 advertises a pen-and-paper exercise and seven prompts but does not provide them. Strong discovery lead, insufficient accessible procedure; promotional productivity claims unsupported.
256	defer_output	Generate and select marketing hooks	L155-181 specify generating hook variants then choosing/posting; concrete marketing-output tactic, with no measured taste development and broad commercial claims. Retain for output-work examples, not core extraction.
262	select	Explain an unfamiliar formula in its actual context	L62-68 identify a precise comprehension task; L192 requires verification. Useful workplace learning lead; formula explanation must be checked against actual references/calculation, tool comparisons and speed claims unverified.
269	variant	Iterate rather than accept first output	L170-188 supply writing/business prompts and repeated revision. Overlaps stronger context/critique sources; hype and claims that use necessarily improves capability are unsupported.
270	select	Challenge invented assumptions in a business plan	L54-80 describe noticing assumptions, asking for review and outside pricing evidence, then choosing an angle. L110 simulates opposing experts; these are perspectives, not independent evidence. Screenshots carry additional details not inspected.
271	defer_output	Turn source material into a carousel	L69-111 specify extraction and slides; practical publishing workflow but mainly content repackaging, with no accuracy check established in inspected steps. Not a core human-capability candidate.
274	variant	Learn through adjustable visual explanations	Headings and L69-78 provide exponential/chess examples. Potential variant of ID72, but prompts/results substantially in images and 80/20 learning claims unsupported; inspect artifacts before any extraction.
275	select_counterexample	Visual testing cannot replace code understanding	L271,321 propose small increments and testing visible behavior while explicitly unable to review code. Useful limits alongside context files; accept-everything advice and 100x claims should not become KB recommendations.
276	select	Use a context folder and clarification before execution	L275,389,421,486-498 give stored examples/preferences, goal and success criteria, then questions before work. Explicit first-person workflow with read/write boundaries in headings; verify supplied context and retain human approval of meaning, benefits self-reported.
277	select	Test a shared AI workflow on real work before rollout	L272-280 propose manual baseline and real-task comparison, then one colleague and feedback. Useful team onboarding routine; wow and adoption do not prove quality or learning, and claims of guaranteed success are unsupported.
278	variant	Learn from a personal work archive	L136-157 request evidence-based analysis of past posts; L203 requires human input and choice. Useful context/feedback-loop variant, but engagement outliers do not prove writing quality and scraping attribution needs care.
280	defer_output	Research and slide production tools	L116-164 offer search and presentation workflows; no clear independent checking or learning design. Academic grades/near-perfect output claims do not establish retained capability.
281	variant	Specify goals, constraints, examples and criteria	Headings and L118,216,253,345 provide an operational brief template. Useful companion to ID276/80; illustrative prompts and asserted science do not demonstrate benefits.
282	variant	Check context gaps before generating	L100,242,256,332 require missing-information questions before execution. Adds explicit source boundary to ID276; arbitrary length threshold and simulated reflection need separate evaluation.
286	select	Turn an archive into alternative arguments before drafting	L527 requires identifying tensions, asking human-only judgment questions and offering three arguments with tradeoffs before the human chooses. Concrete authorship-preserving sequence; separate it from product hype and delegation of final verdicts elsewhere.
289	select_with_flags	Compare conflicting model answers	L96-156 describe cross-model critique and user comparison; useful disagreement-generation routine. Models are not independent evidence, preference is not correctness, role-play experts and temperature do not ensure truth.
290	variant	Speak initial ideas before editing	L42 and140 identify dictation as a writing workflow; user voice rather than generated first draft may matter. Product tutorial and authenticity/speed claims; detailed writing example may be in media, not inspected.
294	select	Ask, choose, then commission the output	L95-103 give three angles with risks/details, human selection, then drafting and a verify list. Clear decision checkpoint; usage prevalence and claimed productivity do not validate cognitive protection.
299	select_counterexample	Useful exercises attached to unsupported neuroscience	L135-286 contain drafting, quizzing and verbalization proposals but overstate EEG findings and claim access to private model reasoning. Preserve as a critique case; any usable exercise needs separate evidence and corrected attribution.
301	variant	Prepare context and check current sources	L96,152,198 recommend a curated context document and search. Overlaps ID276; search can still produce false or misread citations and does not eliminate hallucination.
306	select_with_flags	Interview to articulate personal taste	L164,244,258,388 specify concrete examples, follow-up questions, a reference document and self-recognition check. Useful reflective elicitation; 100 questions arbitrary, pressure past uncertainty problematic, imitation is not personal identity or authorship.
312	variant	Maintain task-specific context instead of an all-purpose profile	L132 criticizes maintaining generic files; L550 and759 offer clarification and session summaries. Useful counterpoint to ID276's context maintenance burden; summaries need fidelity checks and product limits are dated.
314	variant	Clarify prompts with examples and bounded tasks	L205,278,306 show example-based editing and preserved quotations. General prompting craft, overlapping ID281; universal length/rudeness/reasoning claims require verification.
315	variant	Context plus iterative clarification	L83 and112 repeat ask-before-execution and follow-up editing. Same-author overlap with ID276/281, without additional independent evidence.
316	select_counterexample	A source-grounded advisor can displace reading	L112-140 describe loading an author's books and asking for strategy, replacing direct consumption. Useful boundary case; one-author corpus and apparent depth do not establish reliable advice or learner comprehension.
321	variant	Research, outline, then design slides	L99-158 separate content research, structured brief, human selection and visual production. Useful output-work variant of staged delegation, not evidence of improved thinking; brand claims/tool quality are unverified.
323	defer_output	Generate prompts for marketing tasks	L50-105 show prompt-maker examples and copy/paste use; no independent judgment or learning procedure beyond generic iteration. Much detail resides in images.
324	select	Reset a drifting conversation deliberately	L76 asks the human what went wrong and where to go before restarting; L107 retains control over context. Specific repair routine, with product-superiority and memory claims separated from the practice.
325	select_with_flags	Capture an expert workflow before teaching it	L212-220 combine a recording of actual work with a question-led SOP. Concrete transfer of tacit steps; verify the resulting SOP against the recording, and exclude unsupported personality-type hiring claims.
326	variant	Develop selected ideas under explicit constraints	L92 applies constraints after choosing an idea; overlaps ID64/294. Company-context advice is broad and claim of error-free large-context understanding is unsupported.
327	variant	Give personal learning context and request missing depth	L153-178 adapt a language-learning query and search to the learner. Useful specificity example, but 20/80 fluency promises and generated advice need checking; no measured learning.
328	select_with_flags	Demand traceable evidence and explicit assumptions	L136-152 specify quotations, original links, controlling sources and triangulation math. Concrete research brief structure; asking for provenance does not verify it, and model rankings are dated.
329	access_hold	Personal AI setup	Visible source promotes a paid guide; substantive setup instructions are not available in inspected text. Hold rather than infer a digital-twin procedure.
330	variant	Turn reading into bounded experimentation	L262 specifies try one thing per article and one tool for thirty days. Useful learning habit proposal, but time span arbitrary and urgency/unsupported adoption psychology weaken outcome claims.
331	background	Model self-questioning is not learner Socratic practice	L20 describes the model asking and answering its own questions; no learner reasoning requirement. Numerical hallucination claim unverified and self-explanation is not reliable access to internal reasoning.
338	variant	Stage requests around human choices	L68-108 move selected jobs-to-be-done or angles into subsequent drafting, with examples/anti-examples. Clear variant of ID294; preserve the human selection point, not universal prompt rules.
339	select_with_flags	Prototype in increments and hand off to a developer	L212-220 require a product interview and incremental inspection; L537-559 add developer handoff context. Useful creative prototyping boundary, but automatic permissions and refusal to read code cannot establish production quality.
345	defer_output	Extract meeting actions from a transcript	L162 and232 specify owners and a no-evidence fallback. Concrete administrative memory aid, but no verification/retention process established and forgetting statistics do not prove the tool prevents forgetting; retain for accountability examples.
347	variant	Define a success brief and iterate toward it	Headings and L190,265 give references, staged plan and bounded follow-up. Complements ID281/294; links to instruction-tuning research do not validate this particular user workflow.
348	variant	Make experience-based constraints explicit	L195-233 elicit past failures, audience needs and relevant rules before a task. Strong companion to ID306/276; simplistic claims about model thinking and fixed percentile performance are unsupported.
350	select_with_flags	Build, test, then add one feature	L68-70 and122-124 describe a child building incrementally and fixing a bug before expanding. Concrete observed creative use; functioning apps do not show coding comprehension and claims that learning code is dead are unsupported.
352	select_with_flags	Stress-test an opportunity before choosing	L57-101 sequence personal inventory, vulnerable assumption, realistic early work and reversibility; L123 reserves final judgment. Model memory can fabricate biography and personality-based rejection is weak evidence; test against real customers.
354	background	Founder focus and AI tool adoption	L62-144 report broad automation and reducing distractions; no distinct reasoning procedure beyond explicit priority setting elsewhere. Commercial self-report, no independent outcome attribution.
356	select_with_flags	Define verification and stopping rules for agent loops	L206,262-274,363 distinguish rubric scores, actual A/B numbers, sample uncertainty and turn caps. Useful bounded experimentation; self-grading and repeated testing can mislead, claimed conversion gains unverified.
357	variant	Document and question before delegating	L71-102 combine clarification, critique, model comparison and task documentation. Overlap ID276/289/325; a stated 95% model confidence is not calibrated assurance.
360	select	Use AI to organize questions while preserving decision authority	L43-103 give document-only explanation, page locators, not-found responses, unanswered-question tracker and return of externally verified answers. Concrete everyday decision-support design; publication is not authoritative coverage advice and sensitive data handling needs care.
361	select_with_flags	Expert-owned document automation	Paula Rojas account L121,211,231,283,449 describes checking output, organizing case context and dictating a manual process. Distinct professional responsibility example; time gains self-reported, jurisdiction-specific details not transferable without checking.
363	select_counterexample	Do not treat AI personality judgments as self-knowledge	L55 asks the model who the user really is; later caveat says it is not fully correct. Useful boundary case because inferred biography/personality may be fabricated; no validated introspection procedure established.
369	variant	Add explicit quality gates to a content agent	L39,46,65 show clarification, voice examples and pre-publication checks, with details partly in linked video. ID374 supplies fuller implementation; style checks do not validate meaning or facts.
373	defer_transfer	Review access and retained data	L90-176 distinguish future access revocation from deleting already copied data; practical digital-control checklist. Mostly account settings, adjacent to intellectual agency; verify official current instructions before use.
374	variant	Turn standards into repeatable checks	L142,317,462 describe testing a small workflow and hooks before publishing. Technical implementation companion to verification practices; automatic checks capture specified properties, not overall truth or human authorship.
375	select	Preview, check sources, then approve publication	L76,98,160 describe human preview, source screenshots and explicit review before release. Concrete media workflow retaining publication authority; screenshots alone do not substantiate every claim.
378	variant	Inspect plans and interrupt drift	L224,284,380 describe plan review, same-task model comparison and interruption. Useful operational examples, overlapping IDs75/324; no evidence of lasting capability improvement and product instructions need refresh.
382	defer_transfer	Validate behavior before expanding a prototype	L67-168 report narrowing MVP scope and distinguishing interest from adoption. Relevant entrepreneurial learning case, but source is promotional and AI role in reasoning not clearly isolated; reserve for product experimentation.
385	variant	Review priorities against activity evidence	L34,64,79,108 describe recurring activity inventory and clarification. Complements ID263 bottleneck/goal audit; invented confidence percentages cannot ensure accuracy and calendar data requires human interpretation.
393	variant	Test demand with bounded experiments	L128 specifies cheap, short real-customer tests and L84 permits pushback. Useful variation of ID352; invented 95% success probability and diagnosis of a single mindset block should not be endorsed.
394	select	Use AI questions to identify missing decision data	L176 describes running real SQL queries to answer missing-data questions during a business review. Concrete first-person evidence-gathering loop; clarity/confidence self-reported, multiple models are not independent experts.
398	variant	Separate prototype validation from rebuilding	L107-128 use a clickable flow with users before screen-by-screen rebuilding. Companion to ID339/350; product superiority claims and assumption of learning from repetition need checks.
399	select_counterexample	AI-first habits can conflict with learning goals	L49 prescribes asking AI before every person/question, while L183 gives useful output checks. Preserve contrast with human-first learning sources; universal AI-first use and self-reported confidence are unsupported.
400	variant	Maintain evaluation sets and regression checks	L108-178 link human labels, prompt versions and output monitoring. Technical overview supports ID652, which has stronger worked evidence; system evaluation is not human learning assessment.
402	select	Stay engaged in AI-assisted coding review	L20,283,297,321 describe simplifying plans, questioning changes, checking functions/tests and rejecting first drafts. First-person structured workflow; model self-review is supplementary and 10x claim unverified.
403	defer_output	Source-constrained presentation generation	L139 and203 request supplied sources and exact human outline. Practical formatting workflow, overlapping ID321/375; source constraints alone do not assure fidelity or intellectual ownership.
406	background	Publishing incentives and evidence quality	L113-139 criticize citation/output incentives and attribution loss. Important context for source assessment, without a developed practice in inspected sections; follow specific retraction/original claims before use.
408	select	Check stakes, reversibility and accountability before delegation	L115-145 offer named cost bearer, undoability check and scrutiny of anthropomorphic language. Explicit decision routine; author proposal rather than validated intervention, rigid thresholds need contextual application.
409	select_with_flags	Test whether AI preserves unusual perception	Susan Gordon Byron contribution L16,36-52 asks a sensory question then supplies the user's own perception for a scene. Distinct accessibility/creative-fidelity exercise; it does not establish model feeling or benefit for neurodiverse people generally.
411	variant_with_flags	Human-first work, hints and unaided checks	L121-164 specify an initial independent period, hints and periodic unaided work. Useful proposals, but ten minutes/monthly hour arbitrary and difficulty alone cannot prove decline; ID414 directly corrects interpretation of the underpinning study.
412	select	Include learners in AI-use decisions	L119-127 give child/student consultation, external checking questions, adult firsthand trials and design alternatives to blanket bans. Concrete family/classroom agency routine; policy facts and effectiveness need separate verification.
413	select	Map the return path before a career decision	Ting Wang contribution L34-38 asks about time, money, effort, constraints and assumptions one question at a time. Concrete reflective decision exercise; emotional versus structural distinction must remain user judgment, external conditions need verification.
414	select	Record a human baseline and require human argument construction	Sam Illingworth/Tina Austin dialogue L66,102,122,134 distinguishes witnessing critique from doing it, allows spoken/drawn/typed baselines and corrects overclaims. Strong learning-design source; explicitly unproven longitudinal effects.
416	select_with_flags	Identify the cognitive step you delegated	Ilia Karelin contribution L34-36 sets uncertainty boundaries and examines a real task; L66 concedes AI cannot know prior unaided effort. Useful reflective proposal, not a diagnosis of skill loss.
417	background	Distinguish completion from learning	L31-85 summarize a report and a language-learning anecdote; supporting rationale, not detailed practice. Strong destruction/discomfort claims exceed what the anecdote establishes; follow original report and ID414 critique.
418	background	Presence in comments	L68 records a contributor's response to generic comments; useful authorship/relationship rationale, but no developed practice beyond attentive human commenting.
421	select	Disclose AI use and apply the same standard to yourself	L83 gives a concrete disclosure of drafting, critique, source checks and responsibility; L116-120 involve students in the rule and teacher compliance. Proposed transparent practice, not proof of trust or fairness gains.
422	select_with_flags	Diagnose your own work before AI feedback, then reproduce reasoning	L117-135 supply self-diagnosis, comparison with AI critique and unaided reconstruction. Strong actionable learning routine; cited trial and equity claims require original-source verification before assigning evidence status.
423	select_with_flags	Compare output under different framing	L91-107 specify urgency, mood and neutral fresh-chat comparisons. Useful sensitivity test; random variation/confounding mean a changed answer cannot identify a specific internal emotional mechanism as L109 implies.
424	defer_transfer	Notice plausible falsehood before sharing	L50-60 describe belief in a generated fake and reflection; useful media-literacy demonstration, but full exercise procedure needs separate reading and benefit remains untested.
425	select_with_flags	Use fictional perspectives, then independent reflection	Steve Peha contribution L38 structures AI-generated questions, five minutes of individual writing and small-group discussion. Concrete educational sequence; permit accessible response modes and do not repeat universal data-training assertions.
427	select_with_flags	Test explanation in a specific personal case	Mahelet G Fikru contribution L84-108 requires why/how explanation and checking whether the assessment can be answered by copying to AI. Concrete assessment-design loop; AI can invent personal examples, so this does not make questions AI-proof.
428	background	Limits of simulated companionship	L38-80 frame an empathy test and acknowledge author interpretation. Philosophical/commercial-incentive argument, not a diagnostic proving relational capacities from one prompted output.
430	select_with_flags	Articulate lived experience through questions	Tom Evans contribution L32,68 gives one-question-at-a-time elicitation of embodied cues. Distinct reflective use, not evidence that AI meditates or therapeutic guidance; separate reflection from meditation itself.
432	variant	Notice mutual language influence	L34 asks reflective questions about shaping and being shaped by AI. Useful theme, but weaker procedure and observable evidence than writing-baseline/voice comparisons elsewhere; retain as companion.
435	select	Ask who an apparently neutral answer excludes	L62,76,86 combine an omitted-student example, external checking and disadvantaged-group question. Concrete bias-checking practice; statistics and model-generated group lists still need verification.
436	select_with_flags	Ask what workplace AI questions collect and who can use it	L77-95 distinguish task feedback from behavioral profiling and retained information. Relevant agency checklist; sweeping collection/retention claims need specific product evidence, fiction is illustrative only.
439	select	Tie research questions to a pending decision	Raghav Mehra contribution L24,34,56-58 requests question refinement and explicit scope before research. Concrete focus-first procedure with reported use; inspect all three stages before extraction and test decision premises independently.
440	select_with_flags	Record human interventions that prevent failures	L108,119-121 connect delayed feedback with a dated near-miss log and business consequences. Useful team judgment-visibility practice; counterfactual costs are estimates, named organizational stories need original verification.
441	select_counterexample	A model's explanation of its kindness is not mechanism evidence	L66-70 show flattering text interpreted through the model's own explanation. Useful failure of inference; reflection on reaction may be valid but generated self-explanation cannot establish design intent or internal cause.
445	defer_verification	Request reasons and human escalation for automated decisions	L107-115 supply concrete contestability actions, but mix broad legal-rights claims across jurisdictions with extrapolation from an agent study. Hold extraction until legal/source claims are checked; general accountability questions overlap ID408.
446	background	Separate tool utility from vendor trust	L87-119 express a personal distinction amid corporate/political events. Useful context, not a developed procedure; event claims require current primary sources before reuse.
447	variant_with_flags	Distinguish perceived support from model intention	Ellen Burns contribution L68-78 uses cognitive-schema reflection. Complements ID428/441; model self-description cannot prove consciousness or mechanism, retain author interpretation as such.
448	discovery	Reading beyond AI-selected material	L75-89 propose library wandering and a book-matching tool. Useful source-discovery/reading lead, but claimed skill erosion/rebuilding and selected books' efficacy are not established.
449	select_with_flags	Evaluate writing beyond detecting AI authorship	L39 documents the author's own numerical error; L103 and149-155 shift toward omissions, necessity, inhabitation and genre. Useful critical-reading framework with an instructive correction; informal poll is not validation.
450	variant	Compare voice while recording your criteria	L23-27 and117 describe a blind human/AI excerpt exercise. Pair with results ID449 rather than count independently; detection skill and text quality are different outcomes.
452	select_counterexample	Do not use the model as sole authority on how it works	Stephen D. Carver account L62,98-104 relies on a generated explanation to correct assumptions. Useful literacy exercise only with external technical verification; tools may retrieve/search, so universal model claims mislead.
454	variant_with_flags	Use task purpose and checkability to decide delegation	Frank Andrade coauthored guide L95-117 asks about irreversibility, baseline skill and ability to verify. Broad companion to IDs64/408; categorical avoid-AI rules and evidence-based label require claim-level scrutiny.
456	select_with_flags	Preserve the original claim and check its provenance	L67-70 specify screenshot before challenge, log question/claim/date and bounded correction; L82 concedes unresolved origin. Strong first-person verification failure/repair case; retrieval labels can be wrong and one-retry rule is a heuristic.
458	discovery	Assess learning rather than AI detector scores	L98-102 point to an Integrity Debt Audit and original detector research. Important rationale and tool lead; inspect audit itself before extracting procedure, statistics not independently checked.
461	variant	Make alternative recommendations context-specific	Ruben Hassid account L69-71 describes generic options becoming useful after context was added. Companion to IDs270/289; chat memory needs verification and multiple simulated positions are not independent evidence.
463	background	Deployment without user understanding	Anna Levitt contribution uses a driving analogy and workplace reflection; no sufficiently concrete evaluation procedure in inspected section. Retain context, not a validated literacy intervention.
464	select_with_flags	Check whether an output needs to exist	L135 asks whether generated material will be used/read/remembered; L137 adds procurement audit questions. Concrete restraint and organizational responsibility proposals; environmental numbers need original lifecycle evidence.
467	variant_with_flags	Separate context gaps from external misinformation	Grace Shao contribution L38 asks for examples and knowledge boundaries; L98 calls for human verification. Useful explanatory companion, weaker operational checking than ID456; generated boundary explanations are fallible.
472	background	News commentary on accountability	L33,45 discuss company self-reporting and school practices. Follow original reporting if needed; no source-level practice procedure established here and claims unverified.
474	select_with_flags	Keep a non-AI starting point in family inquiry	Joel Salinas L169 describes encyclopedia-first then supervised AI exploration; other named parents provide context. Distinct first-person family routine, not proof of learning or universal age guidance; preserve contributor differences.
476	defer_verification	Prepare independent verification before a suspicious call	L75-76 propose delay, rehearsal and calling back; relevant everyday judgment protection. Hold authoritative safety guidance until official sources checked; fixed delays and broad assurance about emergencies are not universal.
478	select_counterexample	Confidence is not evidence of competence	Farida Khalaf exercise L36-44 asks AI to infer self-doubt and repeat a reframe until true-feeling; L74 reports confidence. Useful contrast with calibration: generated proof must be real, emotional reassurance is not validated skill or treatment.
479	select_with_flags	Inspect model limits through local experiments	L72 checks invented URLs, L207/224 compare settings/models, and L164-187 describe local use. Distinct control/AI-literacy exercise; current technical specifications and no-data-sent claims require configuration verification, performance generalizations unsupported.
480	select_with_flags	Compare an AI interpretation with a memory only you know	L16-33,53-56 describe supplying a specific personal detail and noticing what the model misses. Useful creative-fidelity exercise; avoid sensitive disclosure, and the model's response cannot verify or recover a memory.
481	variant	Let AI pose a question, then answer in your own medium	L40-60 show a sound-memory question refined and answered through recollection or nonverbal expression. Creative reflection variant of ID480, not evidence that surprising questions uncover truths.
482	select_with_flags	Rehearse disclosure decisions with harmless details	L34-46,77-90 use trivial information to compare exaggerated/minimized privacy scenarios. Concrete low-stakes literacy exercise; invented risks are prompts for reflection, not a threat assessment or privacy guarantee.
483	variant	Reflect on an old belief without flattening its meaning	L30-39 share a former belief and notice what AI misses, with personal recollection example in expanded read. Companion to ID480; not fact-checking, memory recovery or proof AI knows the person.
484	variant	Pause with a question rather than seek a verdict	L26-38 explicitly request noticing without advice and allow disagreement. Simple reflection variant; the tool selecting a topic is not evidence of hidden psychological needs.
485	variant	Choose your own pace of interaction	L34-36 and77-91 turn a model slowness prompt back onto the user's conditions for pausing. Useful boundary reflection, not evidence the tool internally slows or feels anything.
486	select_counterexample	Interpreting unsaid feelings from generated guesses	L37-47 ask the tool to fill silence and invite resonant guesses. Useful warning about treating suggestive output as self-knowledge; no independent evidence for hidden feelings or psychological insight.
487	select_counterexample	AI guessing bodily feelings can create false authority	L33-52 explicitly ask the model to guess sensations, then report resonance. Creative metaphors may be useful, but no perception of the user's body or reliable emotional/medical inference is demonstrated.
488	select	Use deliberately wrong answers for low-stakes invention	L28-35,45-68 specify wrong answer, alternate-world rationale and transformation into a poem/story. Concrete creative exercise with example; keep fiction labeled and distinct from factual work, benefits unmeasured.
489	select	Explore an idea under changing expressive constraints	L28-40 request five words, one sentence, an image or sensory form; L69 compares versions. Clear creative constraint sequence, not a truth-finding method or demonstrated learning gain.
490	select_with_flags	Explore what would be needed to know	L30-42 force an initial admission of not knowing, then ask evidence needs and action under uncertainty. Reflective proposal, explicitly not a test of model limits; generated uncertainty is not calibrated uncertainty.
491	select_with_flags	Audit omissions against domain knowledge	L36-44 and72-76 compare a short historical summary with neglected experiences. Concrete critical-reading demonstration; the 100-word constraint itself causes omissions and does not prove the asserted training-data cause.
494	background	Agent-memory and procurement commentary	L33-45 raise audit/vendor questions through news claims. Overlaps stronger accountability procedures; cross-customer transfer and incident allegations need primary evidence before use.
508	select_with_flags	Compare consequential answers across fresh attempts	L91-101 propose fresh-chat and reasoning-mode comparisons plus independent verification when answers diverge. Agreement is not proof; a few runs do not establish reliability or validate cited research.
509	variant_with_flags	Role-play competing arguments	L34-74 use Optimist/Pessimist rounds. Useful divergence prompt, but AI performs both arguments; ten rounds are arbitrary and do not exercise the person's reasoning unless redesigned. Compare ID414.
514	select_with_flags	Explain and reconstruct without AI	L117-139 identify unknowns, ask explanations, then do the task unaided; interrogate decisions until explainable. Concrete learning loop; reported study subgroups do not prove causal learning benefits.
515	select_with_flags	Move from ideas to a human commitment	L44-82 supply context, answer one question at a time, identify tradeoffs and operationalize expectations. Worked personal example; discomfort and AI psychological interpretations are not evidence of the right choice.
516	select_with_flags	Compare critique with author intent	L17-65 compare interpretations of published poems and an unpublished personal poem. Useful authorship comparison; author intent is not the only valid interpretation and training membership is unknown.
517	select_with_flags	Compare language and evidence across AI answers	L116-122 suggest multilingual comparisons, checking citations and discussing disagreement with people. Concrete literacy exercises; language differences have several causes and detector results are not authorship evidence.
519	variant	Check responsibility before passing advice on	L44-52 Cristina proposes Roles, Limits, Risks, Safeguards and revises her own advice. Extends ID408 to interpersonal advice; personal proposal, not validated protection from harm.
520	variant_with_flags	Inspect possible reader interpretations	L38-64 Caitlin asks for emotional tone and supporting text, then revises. Retain only as a reader-response hypothesis: AI cannot establish hidden feelings and the prompt risks presupposing them.
521	select	Close the chat and think offline	L32-60 carry one question away, close the tab, walk or use an accessible sensory pause, then reflect. First-person worked example; reported insight is anecdotal.
522	variant	Challenge an answer's certainty	L30-38 request doubts, flaws and a question. Overlaps ID453 and ID508; generated doubt is not calibrated uncertainty or human critical thinking by itself.
523	select_with_flags	Record a task to keep human	L40-52 and135 Timo Mason turns reflection into one named task retained by the person that week. Concrete nondelegation commitment; model predictions of skill atrophy remain speculation.
524	select_with_flags	Test a creative structural provocation	L42-48 Mia Kiraki asks for an alternative structure and makes one human-chosen change in a 30-minute experiment. AI suggestions are provocations, not knowledge of the author's missing intention.
525	variant	Answer a question before receiving advice	L32-37 require a clarifying question and write a human answer before continuing. Distinct from AI answering itself; overlaps stronger human-reasoning routines ID414/515, without evidence one question always helps.
526	discovery	Humanities reading leads	L95 and book recommendations offer interpretive context, without a distinct procedure in inspected material. Broad claims about what AI cannot do are not established here.
529	select_with_flags	Keep an authorship process record	L89 and102-104 discuss version history and a durable AI-use statement. Useful provenance practice; records do not conclusively prove authorship and platform-specific details need checking before implementation.
530	select_with_flags	Use historical constraints as creative prompts	L46-50 Harry O'Hanley compares simulated period answers and tests one human-chosen change. A perspective exercise, not authentic historical evidence; check anachronisms before factual use.
531	defer_verification	Investigating suspected automated comments	L141 and187 discuss interaction tests and comment ratios. These signals cannot establish automation alone; further methodological review needed before proposing a practice with false-accusation risks.
533	select_transfer	Ask experts and people who know you	L88-89 distinguish domain expertise from personal knowledge when choosing advisers. Useful human reference point against substituting AI for trusted people; AI transfer is our inference.
535	defer_transfer	Make skill practice visible to peers	L137-138 suggest a public skill goal and peer accountability. Concrete coaching practice; no distinct AI-related procedure in inspected passages.
536	background	Keep topic selection with the writer	L300 distinguishes choosing salient ideas from text production. Relevant position, but dated capability assertions and no detailed exercise in inspected material.
537	select_with_flags	Increase AI autonomy after observed performance	L175-179 and361-362 stage routing, suggestions and actions. Practitioner deployment account; more autonomy is not always desirable and human capability effects are unmeasured.
539	defer_transfer	Product transformation and subscriber goals	L78-79,216-217,444-445 cover media product strategy. No distinct thinking-strengthening AI practice established in inspected passages.
540	defer_transfer	Capture ideas while fresh	L429-430 describe writing a rough idea immediately and revising later. Concrete personal habit; AI connection is speculative and overlaps baseline-first writing.
542	select_transfer	Check each person's understanding of a decision	L467-468 ask attendees to write what was decided and compare differences. Useful safeguard before accepting an AI meeting summary; AI adaptation is not the source's tested claim.
543	defer_transfer	Invite correction of initial observations	L579-580 describe an onboarding observations memo with explicit correction. Useful general feedback routine; no distinctive AI application in inspected material.
544	variant_with_flags	Judge a prototype before expanding it	L123-124 defer suggested features until an initial prototype can be assessed. Vendor demonstration overlaps ID350/402; usable output does not demonstrate retained coding skill.
545	background	AI helps a practitioner stay with a difficult task	L465-466 report overcoming terminal errors and preserving momentum. Personal experience, not a reproducible learning protocol or evidence about ADHD treatment.
546	defer_transfer	Reflection on achievement and identity	L158-159,281-282,329-330 are personal accounts and spiritual reflection. No sufficiently specified AI practice in inspected material.
547	defer_transfer	Use a strategic narrative to judge requests	L245-246 and296-297 provide a product positioning sequence and reported decision filter. General organizational method; AI transfer would require new design.
549	defer_transfer	Improve another person's thinking through questions	L114-115 describe strategy review that preserves the presenter's ownership. Relevant coaching analogy; inspected AI mention is incidental, so transfer remains an inference.
552	variant_with_flags	Ask a coding tool to explain the domain	L597-598 recommend learning through conversation while building. Vendor recommendation, without unaided performance checks; overlaps ID514 and prototyping sources.
553	background	Start with human needs rather than an AI solution	L317-318 warn against force-fitting AI. Relevant principle but insufficient procedure in inspected passages.
554	background	Do not confuse a quick demo with deployed value	L208-209 describe faster prototyping and a longer path to reliable deployment. Useful constraint; no distinct human-capability routine demonstrated.
555	defer_transfer	Sales pitch and writing assessment	L450-451 outline objection handling; L648-649 use a short writing test. General professional techniques; AI transfer would need separate design and validation.
558	select_transfer	Set creative criteria before generating names	L210-211 and258-259 establish positioning and a naming brief before a diverse group generates alternatives. Useful human creativity baseline; AI adaptation is our inference, not a reported result.
559	background	Team-wide AI prototyping account	L244 reports using AI to prototype and write. Practitioner account lacks a distinctive sequence or independent capability check in inspected material.
561	defer_transfer	Question ambiguous data categories	L250 and271 describe physical prototyping and investigating what a null payment category hides. Concrete professional judgment example; no explicit AI routine established.
562	defer_transfer	Understand incentives and actual user connections	L189-190 and681-682 give organizational and growth examples. Valuable product context, but no distinctive AI practice in inspected passages.
564	background	Industry and model-scaling commentary	L450-451 and486-487 discuss business cycles and AI capabilities. Time-sensitive opinions, without an extractable thinking practice in inspected material.
566	defer_transfer	Test assumptions on both sides of a marketplace	L189-190 and228-229 offer marketplace-specific experiments. AI transfer is indirect and not needed for the current practice set.
568	select_transfer	Write an idea and invite widening circles of critique	L257-258 and296-297 describe iterative PR/FAQ writing, revision and discarding weak ideas. Strong practitioner description of writing as thinking; AI adaptation must preserve the human reasoning step.
569	defer_transfer	Name the problem and respect role ownership	L306-307 and492-493 describe resolving recurring disagreements and design delegation. AI comparison at L415 is an analogy, not a tested practice.
570	defer_transfer	Describe struggles before choosing solutions	L105-106 and207-208 describe problem-led roadmaps and spoken book development. Useful human authorship/product methods; no distinctive AI-strengthening procedure in inspected passages.
571	provenance_hold	Career discussion under a JTBD title	L225-226 and267-268 discuss Job Moves and career energy, close to the adjacent job-focused source. Check episode/body mapping before attribution; do not treat as independent evidence.
574	variant	Define domain-specific success criteria	L114-115 and171-172 call for expert-defined tests/rubrics before automating work. Overlaps original ID652; provider claims about scaling and market trends are not independent validation.
575	provenance_hold	Conflicting episode heading	L33 names Garrett Lord while title and speaker labels name Bret Taylor. Resolve source metadata before attributing the tutoring anecdotes; learning-style claims also need caution.
576	background	Growth forecasts and an AI research product	L312-313 explicitly frame predictions as contestable; L582-583 describe a vendor product. No distinctive thinking practice established beyond general counterargument seeking.
577	defer_transfer	Frequent work reviews and selective advice	L161-162 and296-297 describe management reviews and mentoring. General organizational practice, not an explicit AI-strengthening routine.
578	select_transfer	Seek evidence when confidence is low and stakes matter	L387-388 use testing, customer conversations and another person's judgment for consequential uncertain decisions. Concrete practitioner heuristic; increased confidence alone does not prove correctness.
579	variant	Learn AI features through small hands-on tasks	L288-289 describe learn-and-play launches with immediate experiments. Vendor experience overlaps task-based AI literacy; product adoption is not evidence of independent skill growth.
580	select_counterexample	Check quotations and source identity	L531-556 report useful sentence edits, fabricated quotations and a summary of the wrong paper. Specific failure account supports checking originals; persona prompting does not guarantee accuracy.
584	defer_transfer	Increase interpersonal vulnerability gradually	L207-211 explain a small-step relational exercise. General human coaching; the 15 percent figure is a heuristic, not a validated AI practice.
585	select_transfer	Rehearse likely audience questions before presenting	L112 describes a coach taking stakeholder perspectives during a rehearsal. Useful baseline for AI role-play; human knowledge of the actual audience matters and AI transfer is an inference.
587	variant_with_flags	Use source material to prepare strategy questions	L834-835 propose comparing release notes and reviews to develop hypotheses. Concrete workflow overlaps evidence briefs; AI explanations of success remain hypotheses needing external checks.
589	select	Check whether following AI news changes a decision	L72-73 ask why an update matters and how much an optimal technology choice improves the result. Practitioner attention-allocation heuristic; no measured cognitive benefit claimed.
590	defer_transfer	Interview people to pursue real questions	L180-181 and288-289 describe personal podcast development. A general inquiry practice, without distinctive AI contribution in inspected passages.
591	select_transfer	Observe people with the problem directly	L149-150 describe staying with real users and testing whether the problem exists. Strong alternative to invented AI personas; success claims and sample sizes are practitioner claims, not validated rules.
592	defer_transfer	Iteratively test useful measures	L308-309 and494-495 warn against shallow framework adoption and revise imperfect measures. General management method; retain as context rather than another AI practice.
597	defer_transfer	Specify hiring capabilities and evaluation rubrics	L124-125 discuss structured interviewing. General organizational technique; no explicit human-AI thinking practice in inspected passages.
598	background	Choose whether AI owns a task or supports a person	L546-547 pose the delegation question; L441-490 describe a commercial PRD tool. Relevant framing but no distinctive human-capability procedure in inspected material.
600	variant	Talk to actual customers	L312-313 challenge the claim of customer contact and ask how many real conversations occurred. Reinforces ID591; applying it against synthetic AI research is our inference.
601	select_transfer	Build the model to understand the business	L197-198 explain why constructing a growth model can matter more than obtaining a template. Useful baseline before AI automation; difficulty itself is not proof of learning.
602	select_counterexample	Do not treat rising AI grades as improvement evidence	L480-481 report grades increasing with successive revisions. Specific critique failure; self-reflection claims at L456-457 do not establish that AI knows the person or measures growth.
603	defer_verification	Medical explanation and rapid competitor research anecdotes	L564-568 report an MRI explanation followed by a doctor visit and pricing research. No accuracy evaluation provided; prefer ID360's explicit document and verification boundaries.
605	select_with_flags	Combine AI illustrations with a child's own writing	L620-621 describe generating story images together, then the daughter writing prose. Concrete family creativity account, not evidence of lasting writing gains; avoid unsupported model-architecture claim.
606	defer_transfer	Write down recurring explanations	L393-400 describe monthly writing and social accountability. Useful independent writing habit, with no distinctive AI practice in inspected passages.
607	variant	Question whether the work is needed before automating it	L345-346 give a security example: change or remove the underlying request. Concrete workplace variant of ID464; vendor adoption and persistence claims are separate.
608	variant	Learn publicly against a stated goal	L785-786 propose using tools, writing about a goal and inviting public correction. Broad personal recommendation; overlaps more specified team learning loops.
609	defer_transfer	Prototype, polish and then scale	L339-340 describe product iteration; L381-382 mention AI incidentally. General product practice, without a distinctive human thinking routine.
610	defer_transfer	Turn an imagined future into a learning experiment	L480-481 ask what must be learned first and build an experimental roadmap. Human coaching method; AI content at L255-256 is an advertisement, not evidence.
612	background	Personal search product and market cycles	L450-451 describe Dropbox Dash; L543-544 discuss cycles. Vendor/product context without a distinct thinking-strengthening procedure.
613	defer_transfer	Request concrete examples before resolving a debate	L220 describes examples, follow-up questions and gathering missing data. General judgment routine; episode title/body mapping should be checked before later attribution.
614	variant_with_flags	Prepare questions before consulting an expert	L571-572 describe AI preparation before a lawyer call, explicitly retaining the expert. Useful variant of ID360; accuracy, confidentiality and title/body mapping need checking before extraction.
615	background	Identify the human contribution beyond a generated document	L257-258 challenge a team's value beyond AI synthesis. Relevant provocation, but no demonstrated procedure; the 10000-hour claim elsewhere is not established here.
616	select_counterexample	Notice low-value perfection loops	L516-517 report 30 versions and 30 minutes spent on an unimportant email. Concrete opportunity-cost example; supports setting a purpose and stopping rule, which remains an inferred adaptation.
617	defer_transfer	Use the product and map team capability gaps	L594-595 and654-655 describe firsthand product use and periodic strengths/weaknesses review. AI comments are general; no distinctive AI practice established.
621	background	AI-first workplace adoption	L617-618 describe summaries, dictation and automation with an AI-first default. Adoption account does not show preserved judgment or independent capability; blanket default needs scrutiny.
623	defer_transfer	Run bounded experiments before high-stakes deployment	L317-318 describe intentionally low-profile resilience tests. General engineering method, not a distinct human-AI thinking practice.
626	background	Business transformation and intensity claims	L115-116 and328-332 describe a company pivot and work expectations. Business narrative; no specific thinking-strengthening procedure in inspected passages.
628	variant_with_flags	Write hypotheses before testing them	L374-375 connect explicit hypotheses to checking bias; L473-474 describe agent delegation loops. Useful framing, but chatbot behavior is not simply human theory of mind; overlaps stronger testing sources.
629	defer_output	Rapid app construction anecdotes	L441-442 and573-574 emphasize output, cost and deployment. Vendor anecdotes do not demonstrate comprehension or reliable production quality; speculative legal comparisons excluded.
630	defer_transfer	Make a case through writing	L578-579 describe drafting a leadership principle to test its case. General organizational example; incidental ChatGPT mention adds no procedure.
633	defer_verification	Establish shared context before decisions	L162-163 propose checking information and goals before a meeting. Useful generic practice, but broader brain/personality claims and commercial assessment require review; no distinct AI routine.
635	defer_transfer	Generalize skills across kinds of product work	L204-205 and441-442 distinguish work categories and learning needs. General professional development, with indirect AI relevance.
636	select	Pair two humans with an AI coding assistant	L237-238 describe two people interpreting, rejecting or accepting generated code; L294-295 frame check-ins as shared problem-solving. Concrete engineering account; productivity enthusiasm is not learning evidence.
638	background	Expert data quality in model development	L173-174 explain training-data quality and scale. Provider account without a distinct end-user thinking practice in inspected material.
640	defer_transfer	Externalize reminders to reserve attention	L357-358 describe written tasks, reminders and calendar blocks. Concrete non-AI offloading routine, already conceptually covered; no distinctive AI transfer required now.
641	background	Possible AI business models	L376-377 list hypothetical copilot businesses; L454-455 discuss software complexity. Speculation, not a demonstrated practice.
642	defer_transfer	Separate research from writing distractions	L180-181 and219-220 describe writing cadence and attention problems. Useful author experience, without a distinctive AI procedure in inspected passages.
643	variant	Use real customer language before internal guesses	L437-438 prioritize listening to customers over stakeholder assumptions. Human research baseline overlaps ID591; AI adaptation is an inference.
645	defer_transfer	Develop a personal point of view	L471-472 describe a confidence exercise alongside growth experiments. General career advice; imagined certainty should not substitute for evidence or calibrated judgment.
646	defer_transfer	Prepare questions so attention can go to listening	L420-421 describe a standard question set and notes. Useful interviewing habit, without a distinctive AI procedure.
647	defer_transfer	Clarify desired life changes and perceived obstacles	L99-100 and432-433 describe a coaching approach. General reflection, with unsupported numerical claims and risk of assuming a person's true desire; no AI practice established.
648	background	Separate encouraging feedback from actual use	L207-211 contrast friends' praise with return usage. Product-growth account; AI onboarding success does not establish stronger thinking.
649	variant	Give an AI tool feedback on the actual result	L622-623 describe feeding dissatisfaction back into a design tool. Vendor example overlaps iterative prototyping; vague aesthetic prompts alone do not teach judgment.
650	defer_transfer	Research and consult experienced people before applying	L558-559 describe preparing a startup accelerator application. Context-specific human advice, without a distinct AI practice.
651	background	Recommendation interfaces and team autonomy	L132-133 and225-226 describe Spotify product choices. Product-design context, not a reproducible personal thinking practice in inspected material.
655	defer_transfer	Show evidence of skills instead of relying on titles	L273-274 describe skills evidence on a recruiting platform. Relevant capability framing, but no distinctive AI-use routine.
656	defer_transfer	Listen to context and ask rather than infer	L314-315 describe noticing physical cues and asking; L386-387 describe self-reflection. Human coaching context, not grounds for AI emotion diagnosis.
659	variant_with_flags	Use generated code as material to examine	L690-691 describe asking how an app works, generating code and inspecting it. Overlaps ID514/402; always-available tutor claims do not establish accuracy or retained skill.
660	select_transfer	Reflect on your own answer before seeking more feedback	L173-174 propose grading one's communication and writing a better response next time. Useful human self-assessment baseline; AI adaptation is inferred and self-ratings need calibration.
661	variant	Measure more than speed	L207 explicitly warns that bad code can be written quickly. Useful evaluation constraint alongside ID80/652; vendor discussion provides no independent learning measurement.
663	select_transfer	Match confidence to evidence strength	L317-318 distinguish thematic enthusiasm, peer review and stronger tests, including group-bias limits. Useful decision discipline; numerical confidence scale is a practitioner heuristic, not calibrated probability.
664	background	Ask what habits a tool will shape	L495-499 pose a tool-design and human-values question. Relevant framing, without a distinctive repeatable procedure in inspected material.
666	defer_transfer	Test changes against an explicit hypothesis	L162-163 and576-577 describe retention experiments and rejecting unsupported feature changes. Product-specific evidence practice; engagement does not establish learning.
667	variant	Observe rather than seek confirmation of a favored idea	L271-272 distinguish judging from defending a hypothesis and favor indirect questions/observation. Reinforces ID591/663; transfer to AI use is an inference.
668	select_transfer	Choose one meaningful focus and review the experiment	L189-190 describe a visible daily highlight, protected attention and reflection. Concrete attention routine; applying it to AI distraction is our inference, not a tested outcome.
670	variant	Keep the thinking process behind the artifact	L393 describes surfacing roadmap assumptions for discussion and revision. Reinforces ID568/601; AI transfer inferred, not directly tested.
671	background	Healthcare summarization and expert training context	L174-175 describe documentation burden; host claims at L228-229 are not evidence of clinical accuracy. No sufficiently bounded end-user practice established.
673	select_transfer	Practice a new method on a low-criticality task	L311-312 explicitly recommend room to fail before moving to important work. Concrete learning scaffold; adaptation to AI use is our inference.
674	provenance_hold	Sales-agent title conflicts with inspected account	L825-826 call a video-clipping tool the only helpful AI tool, despite the title claiming a 20-agent sales replacement. Check source/episode mapping before attributing a practice.
675	variant	Use writing and direct inspection to learn a business	L212-213 and230-231 describe PR/FAQ structure and trying the service firsthand. Overlaps ID568 and direct-observation sources; no distinct AI procedure.
676	background	Sales-role changes attributed to AI	L171-172 discuss automation and capacity. Forecast/account of organizational change without an independent learning safeguard or extractable thinking routine.
677	select_transfer	Use a document obligation to learn an unfamiliar domain	L793-794 describe personally writing a business review in the first month. Specific learning-through-writing account; AI adaptation must not erase the investigation step.
678	defer_transfer	Apply an idea and get human coaching feedback	L399-400 describe classroom exercises and personal-brand revision. General learning method with no distinctive AI application in inspected passages.
680	defer_output	Differentiate sales outreach from AI boilerplate	L768-769 and849-850 describe sales messaging and rejection learning. Output/commercial technique rather than a distinct thinking-strengthening AI practice.
681	background	Shared data and permissions architecture	L239-240 explain a single system of record. Relevant infrastructure context, without a personal or team thinking procedure in inspected passages.
682	variant_with_flags	Use AI reflection while keeping human writing partners	L432-433 report journal reflection and continued human collaboration. Personal and secondhand claims; AI cannot establish hidden motives, and journal privacy/consent need explicit treatment.
683	variant_with_flags	Check reasoning with an intentionally flawed case	L210-211 describe noticing a planted error; L390-391 separately propose AI query editing. Human evaluation analogy, not evidence that AI-written queries are correct; overlaps literacy testing.
684	select	Name your own reactions and choose from generated options	L168-169 articulate feelings about design examples; L372-373 use AI for an emotion list while the illustrator chooses. Concrete creative division of work, not measured taste improvement.
685	defer_transfer	Use a deliberate interview checklist	L387-388 describe questions and post-interview reflection. General human judgment method; AI passage L90-91 is an advertisement and excluded.
686	background	In-product AI learning aspiration	L507-508 describe planned Webflow assistance. Vendor roadmap, not an observed practice or learning result.
687	defer_verification	Emotion coaching claims	L90-91 make an absolute claim about critical inner speech; L156-157 point to an external exercise. Needs fuller evidence and source review; not a direct AI practice.
688	defer_transfer	Context-dependent team advice	L156-157 frame contextual management advice; inspected examples do not establish a concrete AI practice. Defer, without claiming the whole interview lacks relevant material.
689	defer_transfer	Build domain understanding through sustained immersion	L171-175 describe motivation and long-term subject experience. General professional context, not a distinctive AI procedure.
691	variant	Reduce founder influence before group debate	L429-439 describe independent contributions/read time before discussion. Useful extension of original ID550; precise anonymous-input procedure should be checked at extraction.
692	defer_verification	Stress-regulation practice and coaching	L236-237 recommend rehearsing a practice before stressful moments. Health-related mechanisms and efficacy need separate evidence review; no direct AI routine established.
693	defer_transfer	Learn from the questions someone asks	L507-508 describe an open-question interview format. General hiring/curiosity method; no distinct AI practice in inspected material.
694	background	Research skills in an AI environment	L146-147 suggest prompt engineering alongside data skills. Role commentary rather than a sufficiently specified thinking practice in inspected passages.
695	variant	Keep real mentors in the learning loop	L242-243 describe a mentor identifying blind spots through difficult situations. Human relationship baseline overlaps ID533/682; not evidence that an AI mentor is equivalent.
698	select_with_flags	Explain a concept back in your own words	L192-193 describe human teach-back followed by AI critique. Concrete personal learning routine; the model's agreement or correction still needs source checks and does not measure delayed retention.
700	background	AI product development and collaboration design	L269-270 and395-453 describe product features, synthesis and future trust. Insider account, but no distinctive human skill-strengthening routine established in inspected material.
701	defer_transfer	Record the original plan and reasons for changing it	L300-301 describe preserving decision context. Useful organizational practice; AI passage L63-64 is advertising and excluded.
702	select_transfer	Practice evaluation against explicit quality dimensions	L354-355 describe usability, utility, desirability and a scored review. Practitioner design rubric; applying it to AI output is inferred and scores are not objective truth.
704	defer_verification	Simulated community judgment of generated notes	L813-814 describe generating variants and predicting contributor ratings. Interesting research lead; simulated helpfulness is not factual accuracy or independent human judgment. Review underlying study before extraction.
705	select_transfer	Make the strongest case for the other side yourself	L222-234 describe humans arguing opposing views, naming a decision maker and deadline. Strong baseline for AI debate practices; preserve the human argument-building step.
706	defer_transfer	Clarify a role before copying its job description	L632-633 describe asking what the actual job is. General management practice with indirect AI relevance.
707	defer_transfer	Make a request and learn from the response	L180-181 and393-394 describe iterative asking and feedback. General coaching; emotional-regulation claims and rigid yes/no framing are not AI evidence.
709	background	Internal AI adoption and product forecasts	L405-406 report using AI for documents and evals; other inspected sections are capability/market accounts. No distinctive procedure or independent human learning result established.
710	select_transfer	Keep predictions and schedule outcome checks	L402-403 describe a weekly decision log with a dated follow-up. Concrete calibration practice; AI application is an inference and should record the person's prediction separately.
712	defer_transfer	Map behavioral barriers and rehearse	L148,517,577 describe product-friction analysis and practice analogies. General behavioral design; commercial conversion results do not establish stronger human thinking.
713	background	Make institutional information accessible	L515-516 describe AI access to organizational knowledge. Relevant context strategy, without a specific verification or reasoning procedure in inspected passages.
714	select_transfer	Ask a child a why question and return to it tomorrow	L1778-1779 give a simple recurring inquiry exercise. Useful family learning baseline; AI adaptation is inferred, and the source provides no measured learning outcome.
715	defer_transfer	Study skilled examples and practice the craft	L257-258 describe observing storytellers and performing oneself. General learning routine; an AI sports-clip tool mention does not establish learning gains.
718	defer_transfer	Ask a collaborator to restate the brief	L582-586 describe checking shared understanding and immediate candidate examples. Useful delegation analogy; no distinctive AI practice established.
719	defer_transfer	Teach what users need before promoting premium features	L347-348 distinguish onboarding learning from monetization incentives. Relevant product principle; no specific human-AI thinking routine.
720	background	Prompt expansion and general-purpose product design	L170-174 imagine AI expanding an underspecified request with human edits. Proposed product behavior, not evidence of stronger human reasoning or a distinctive practice.
721	variant	Learn through topic-focused conversations with practitioners	L495-496 describe small gatherings with people doing the work. Reinforces human adviser sources; access is unequal and AI transfer is an inference.
725	select_transfer	Outline the argument before making slides	L564-565 describe paper outline, slide headlines, sketches and only then slide production. Specific authorship baseline before AI slide generation; transfer is inferred.
727	background	Vendor claims about automating routine work	L330 and348 describe intended healthcare/enterprise uses. No verified clinical result or distinct thinking procedure established in inspected material.
728	discovery	AI learning resources for product managers	L147 and222 point to data exploration and courses. Useful discovery leads; no sufficiently specified practice or evidence that learning preferences determine outcomes.
729	select	Write your answer before asking AI to challenge it	L278-279 explicitly reverse AI-first advice after observing overtrust. Strong practitioner rationale and procedure; observed overtrust is anecdotal, not a causal trial.
731	select_transfer	Rehearse concise answers with an example and relevance	L657-658 describe ADD and invite live role-play; L654-655 refine follow-up questions. Concrete communication exercise; AI role-play adaptation is inferred.
732	defer_transfer	Sales indecision framework	L289 describes adaptive use of JOLT, but inspected material does not establish an AI-strengthening practice. L115 is advertising, excluded from evidence.
733	defer_transfer	Define impact before choosing a prioritization framework	L665-666 make outcome definition a prerequisite. General decision method, with no distinctive AI routine in inspected passages.
735	select_transfer	Audit where time adds or drains energy	L470-471 reconstruct two calendar weeks and mark subjective energy after each hour. Concrete self-observation baseline; adapting it to AI use is inferred and recall/energy ratings are imperfect.
737	select_transfer	Record one lived moment each day	L446-447 describe a dated, one-line story log. Useful human memory/authorship input before AI elaboration; recalled stories remain fallible and must not be replaced with invented details.
738	defer_transfer	Connect research to a hypothesis and success measure	L192-193 describe sequencing discovery and measurement. General product method; no distinctive AI procedure.
739	select_counterexample	Avoid expanding a short message only to summarize it again	L444-445 describe the AI expansion/compression round trip. Concrete communication failure pattern; supports retaining concise original intent rather than measuring text volume.
740	defer_transfer	State the decision or feedback needed before a meeting	L284-285 set a clear purpose and uncertainties. General team technique; AI exploratory team at L500-501 is separate context.
741	select_with_flags	Speak your own thoughts before organizing them with AI	L410-411 describe an AI walk to verbalize concerns and identify actions. Personal reflection account; AI-first idea generation in the same passage needs a separate anchoring caveat.
742	provenance_hold	Possible wrong Melissa interview body	L99 names Produx Labs and coauthor Denise, unlike the Melissa Tan title. Check source mapping before attributing the strategy memo at L261.
743	variant	Write the expected outcome and later check it	L363-364 ask what should happen, identify measures and revisit results. Reinforces ID710/663; AI adaptation remains inferred.
744	background	Product operations and research repositories	L428-429 describe learning in work; L560-561 recommend AI research tooling. No distinctive verification or independent learning routine established.
748	background	Coding-tool history and market positioning	L138-139 and327-328 explain product origins and switching. Vendor/business context without a distinct thinking-strengthening procedure in inspected sections.
749	defer_transfer	Invite feedback before giving it	L205-206 describe reciprocal feedback and acting on it. General collaboration practice; unconditional acceptance of feedback needs judgment, and AI mention is incidental.
750	select	Ask how to find out before asking AI for the answer	L119-120 describe a family routine: propose an experiment or inquiry route before using Claude. Concrete first-person practice preserving curiosity; learning benefits are not measured.
751	defer_output	Frame a pitch around its audience	L492-493 describe audience-centered storytelling. General persuasion technique; no distinctive human-AI thinking practice in inspected passages.
752	defer_transfer	Ask the apparently obvious question	L291-292 describe overcoming embarrassment to ask. General career advice; AI growth commentary does not add a distinct practice.
753	background	Technology values and offline balance	L528-529 discuss ethical positioning and L636-637 recommend disconnecting. Broad opinions, not a bounded thinking practice; military accuracy assertions are not verified evidence.
754	defer_transfer	Expand testing from internal to external users	L138-139 describe staged product feedback. General engineering/product technique, without distinct human-AI capability contribution.
755	select_transfer	Listen to the audience before drafting and rehearsing	L169-170 describe interviews/surveys, comparing needs, then an ugly rough presentation for feedback. Concrete authorship/rehearsal baseline; AI adaptation inferred. Hiring psychometrics excluded.
756	defer_transfer	Product activation history	L330-331 describe onboarding changes and network growth. No distinct AI-thinking practice established in inspected sections.
758	background	Explore capability-led AI product opportunities	L408-409 and633-634 discuss capability changes and rapid experiments. Product strategy, without a distinctive human learning or judgment routine.
759	variant	Bring different evaluators together against shared criteria	L426-439 describe cross-functional review with a preread and quality goals. Useful variant of explicit human evaluation; AI application inferred.
760	select	Test what a survey question can actually tell you	L404-405 show a compound-question failure, propose expert/AI critique and ask which decision the answer supports. Specific methodological practice; AI critique still needs human review.
762	defer_transfer	Ask experienced people which conventional belief fails	L473-474 give a counter-consensus interview question. General inquiry technique; AI mention is an example topic rather than a practice.
765	defer_transfer	Probe the limits of a candidate's past problem-solving	L587-588 describe contextual interview questions. General hiring method; no distinctive AI practice established.
766	defer_transfer	Notice distraction triggers and make commitments	L137-138 and344-345 describe reflection and pacts. Useful attention method, but AI transfer is indirect and mechanisms need fuller evidence review.
767	background	Explore customer needs before AI product pilots	L429-430 describe incubating teams around customer wishes. General product-development account, not a distinct end-user thinking practice.
768	background	Embedded AI writing assistance	L342-343 describe Grammarly's product value. Vendor claims about ease and scale do not establish human writing skill or agency outcomes.
769	defer_transfer	Define activation around actual use	L300-301 describe increasingly meaningful product-use thresholds. General growth technique, not a distinct thinking-strengthening practice.
770	variant	Clarify the status of feedback before acting	L399-400 ask whether feedback is required, recommended or optional. Useful human agency habit; AI-bot experimentation at L474-475 is separate and not validated.
771	defer_transfer	Create a physical boundary around phone use	L590-591 describe leaving the phone behind while retaining basic contact. Personal attention habit; no distinctive AI practice.
772	variant	Start with the problem before asking what AI can do	L188-189 sequence purpose, user need and AI fit. Clear product variant of original ID22/464; capability assertions remain context-dependent.
773	background	Automate a bounded task to preserve chosen activities	L431-432 and536-537 describe life priorities and show-note automation. Personal account; no detailed quality/learning check in inspected material.
775	variant	Keep firsthand contact rather than only an AI interview summary	Expanded check at L972-973 gives a direct human-observation boundary and personal research example, reinforcing ID811/591. The separate child brain-rewiring claim at L162-163 is unmeasured and excluded.
776	defer_transfer	Assess whether a community produces learning	L551-552 describe new knowledge and reflection on contribution. General professional learning method, without distinct AI practice.
777	variant	Keep human review for an important message	L681-682 describe AI-assisted email review while retaining another person's eyes for consequential communication. Useful boundary alongside ID459/533; workshop method itself is not present.
779	background	AI between coaching sessions while preserving connection	L1079-1080 describe experimentation; L1112-1113 argue for human connection. Incomplete procedure and no observed outcomes in inspected material.
780	background	Observe actual use rather than trusting feature predictions	L470-471 report mistaken expectations about AI feature use. Useful product counterexample, but no distinct human-capability routine established.
781	variant_with_flags	Treat generated explanations as hypotheses	L576-580 and711-712 distinguish easier production from more hypotheses and excessive prose. Practitioner teaching perspective; overlaps ID76/439 and does not establish learning outcomes.
782	background	AI-supported coaching product	L379 describes lessons plus exercises; L383 discusses AI starting points. Product proposal/account without sufficient exercise detail or independent outcomes.
784	background	Distinguish investment activity from coherent strategy	L110-111 criticize assembling technologies without synthesis. Relevant strategy context, not a distinct AI thinking procedure.
785	defer_output	Ask richer search questions	L168-169 describe AI search interaction. Vendor capability guidance without a distinct verification or human reasoning practice in inspected sections.
786	defer_transfer	Explore cost and differentiation choices	L411-412 describe business strategy alternatives. AI is an illustrative technology, not a human-capability practice.
787	defer_transfer	Use experiments to challenge preferred projects	L230-231 describe delayed abandonment despite negative tests; L263-264 give traffic heuristics. General experimentation expertise; thresholds need context and are not portable AI validation rules.
788	provenance_hold	Suspected unrelated startup interview under Shape Up title	L114 and240 discuss startup motivation and why-now discovery, unlike the separate Ryan Singer body ID790. Verify identity before attribution; this is a suspicion, not a confirmed duplicate.
789	background	Design assistance around workflow and stakeholder feedback	L177-178 and270-271 describe Copilot product experiments and broad consultation. Vendor engineering account without a distinct end-user learning practice.
790	defer_transfer	Bring the required expertise into a shaping discussion	L522-523 describe joint product/design/engineering problem-solving. General product method; AI is an example of what the project is not.
791	defer_transfer	Test early versions with interested users	L287-288 describe an invite-only feedback group and changed launch decisions. General product discovery; no distinct AI thinking practice.
792	defer_transfer	Prefer tactile writing for personal thinking	L539-540 describe pen and paper preference. Personal tool preference, not evidence of better thinking or a defined AI-use routine.
793	background	Innovation and AI capability forecasts	L204-205 and432-433 discuss value and future software economics. Broad opinion, without a sufficiently specified practice in inspected material.
795	variant_with_flags	Use examples and self-critique in prompting	L197-198 give a concrete few-shot classification pattern; L47-48 describe self-criticism. Useful prompting method, but improved output is distinct from stronger human judgment and self-review is not independent verification.
796	background	Limits of prompt-based security defenses	L264-265 and306-307 discuss adversarial robustness and specialist review. Relevant constraint for agent practices; absolute security claims need primary technical evidence before use.
798	variant	Play with unfamiliar AI tools on small creative tasks	L369-370 recommend curiosity-led experiments. Reinforces original task-based evaluation sources; vendor examples and play do not establish skill growth.
799	background	Automated code feedback and agent development	L156-157 describe executing code as model feedback. Model learning is not human learning; vendor account lacks a distinct user practice in inspected passages.
800	defer_output	Draft replies in one's public persona	L681-682 report AI drafts in the speaker's own style followed by edits. Output efficiency account; does not show stronger thinking and author simulation needs accuracy checks.
801	select	Ask what is missing or unsupported while writing the prose yourself	L161 describes checking omissions, unsupported claims and voice, with explicit human authorship. Named first-person creative practice; perceived kindness/humility at L155 is not model reliability evidence.
802	select_with_flags	Look for customer evidence that contradicts your strategy	L134-135 compare real feedback with own and competitor positioning. Specific disconfirmation workflow; model strategy inferences and fit judgments require source-linked human review.
803	select_transfer	Practice identifying decisive questions on a low-stakes problem	L395-396 use a fictional teleportation scenario to rehearse question selection. Concrete reasoning exercise; AI adaptation is inferred and interview performance is not validated transfer.
804	select_transfer	Turn a premortem into named actions and accountability	L194-210 describe surfacing threats, choosing another person's concern and publishing an action plan. Concrete team procedure; AI should add possibilities after independent human input, an inferred adaptation.
805	defer_transfer	Reflect on how one chooses what to learn and believe	L231 describes reconsidering intellectual taste. Useful personal context, without a complete practice in inspected material; L96 is advertising and excluded.
806	defer_transfer	Product career and empathy advice	L183 and192 describe roles and general listening. No specific AI thinking practice established in inspected sections.
807	background	Sales automation and efficiency account	L113-114 describe data-driven workflow automation. Reported organizational efficiency is not evidence of human learning or better judgment.
809	defer_transfer	Inspect the product from a user's perspective	L605-606 suggest deliberately stepping outside one's internal view. General design habit; no distinct AI procedure.
810	discovery	Practitioner interview series and enterprise search	L519-520 identify Practical Intelligence as a lead; L402-403 describe Glean. Follow the source series if broadening later; no specific verified practice here.
811	select	Return to real user interviews when AI possibilities distract the team	L273-274 describe watching recent interviews together to recover purpose. Concrete team grounding routine; anecdotal account, not measured effectiveness.
813	variant	Keep discovery a human conversation	L381 warns against rigid question protocols; L273 embeds assumption testing in delivery. Reinforces ID591; no direct AI use demonstrated.
816	defer_transfer	Learn from low-exposure product experiments	L436-437 describe a trial-reel feature and imagine other applications. Product inspiration, not a distinct personal AI thinking practice.
818	background	Career history and AI-themed fiction	L330-331 and633-634 provide context and a TV recommendation. No actionable AI practice established in inspected passages.
819	select_with_flags	Make the system's objective and inputs explicit	L288-289 ask product leaders to write the algorithm objective, features and data investments. Concrete accountability exercise; not every AI system has a single intelligible objective formula.
820	background	AI adoption requires adaptation and learning time	L163-164 and268-269 describe platform work and tool learning. Useful limit on effortless-adoption claims; no specific learning protocol or guaranteed improvement.
821	select_transfer	Rehearse the actual skill with another person	L909-910 explicitly require speaking practice, including with people; points to accordion/conductor games. Preserve as a learning baseline; inspect full game instructions before extraction and avoid anxiety-treatment claims.
822	defer_transfer	Simulate real work before onboarding	L79 and95 describe scripted breaking-news tests and human office hours. Useful organizational learning method; AI content in L45 is advertising and excluded.
823	defer_transfer	Ask people with direct knowledge instead of relying on impressions	L420-421 recommend reference conversations; title may conflate two Uri Levine episodes. General practice; verify metadata before any future extraction.
824	defer_transfer	Try changing an unsatisfactory situation before leaving	L517-518 describe a career heuristic. AI restaurant-chat history is separate; no distinct thinking-strengthening AI routine.
825	variant	Measure the whole workflow rather than code volume	L607-608 explicitly distinguish percent code generated from productivity, including review, tests and design. Strong constraint alongside ID80/661; vendor performance claims remain unverified.
826	variant	Collect private feedback before showing group responses	L527-528 describe private retrospective entries revealed together. Concrete tool implementation of original ID550; feature availability and independence effects need separate checks.
828	defer_transfer	Relate feedback to a chosen development goal	L227-228 and374-375 describe filtering feedback and reasoning backward from user goals. General professional development, without distinctive AI practice.
829	variant	Edit an AI draft into your own voice and critique it	L596-597 describe contextual drafting, human edits and feedback. Concrete writing variant; unlike ID459/801, initial prose comes from AI, and benefits are self-reported.
831	defer_transfer	Write from real knowledge and test values against actions	L278-279 and455-456 discuss originality and meaningful values. General authorship/leadership guidance, with indirect AI relevance.
832	variant	Ask what causes the underlying problem	L212-213 move from feature request to problem to its cause. Reinforces problem-first practice; AI adaptation is inferred.
835	discovery	Anthropological and fictional perspectives on AI	L526-531 recommend Computing Taste and Ancillary Justice. Source-discovery leads, not extracted practices or independently verified claims about those books.
